Bill,Bill Status,Session,Money Given in Favor of Bill,Money Given in against the Bill
888587,,112,1739507,0
1102841,PASSED,112,614142,3082567
1069725,PASSED,112,12643891,0
979603,,112,26113259,507220
979602,,112,1622983,0
950828,,112,,
1075984,PASSED,112,,
901891,,112,,
1075696,PASSED,112,,
901898,,112,,
1074589,PASSED,112,,
1105500,PASSED,112,38806288,1902773
1085510,,112,6342015,652370
998408,,112,9178152,0
989757,PASSED,112,1603447,632723
989754,PASSED,112,,
994397,NOT PASSED,112,8270015,2787723
1014326,PASSED,112,113720084,22092517
989753,NOT PASSED,112,1603447,451144
994393,,112,7684520,0
998403,,112,8902191,3082567
890276,NOT PASSED,112,57937,1025780
989759,NOT PASSED,112,,
900043,,112,3790933,0
1027421,,112,732440,0
1074633,PASSED,112,835284,0
1106286,PASSED,112,614142,3082567
978244,,112,,
888338,PASSED,112,,
978247,,112,1033780,0
1085350,PASSED,112,19631750,478
1086100,PASSED,112,6520990,191088
1102446,,112,16978,0
1059137,,112,,
1059138,,112,5916133,7661118
1059139,,112,6919741,0
901403,,112,,
901406,,112,,
901409,,112,21817708,43700
1057370,NOT PASSED,112,29526898,1505003
979604,,112,1966639,7697193
899566,,112,3370256,0
991257,,112,,
942823,,112,4024155,0
888743,PASSED,112,46194237,0
1033190,,112,8883034,5418282
890034,,112,5267487,0
1053678,,112,8203279,1617108
1035917,,112,,
1024088,PASSED,112,40752941,0
889350,,112,10837818,0
889352,,112,8810550,0
889355,,112,0,29067108
889356,PASSED,112,2906025,0
1035460,,112,8996812,3082567
899005,PASSED,112,,
980865,,112,97066249,478
1023510,PASSED,112,13521645,12024575
937465,,112,,
990474,,112,3944325,0
1086087,PASSED,112,3935236,0
1024880,PASSED,112,97120544,20683799
980884,,112,1125674,0
1024885,PASSED,112,0,28675109
1079403,PASSED,112,,
980889,PASSED,112,37480388,1834647
999920,,112,,
999921,,112,2011442,128008
1053215,,112,61662608,0
1086887,NOT PASSED,112,,
1086888,PASSED,112,9739820,21932748
1106520,PASSED,112,20171445,750
1023421,NOT PASSED,112,,
940884,PASSED,112,19317044,16175576
1023424,NOT PASSED,112,0,17475458
948997,PASSED,112,9241158,19735336
889977,,112,3165299,0
900918,,112,4991054,15178886
1025445,,112,22943998,10711883
1087848,PASSED,112,726329,3353951
900913,,112,20210520,1520931
1087846,PASSED,112,0,15998108
1087845,PASSED,112,,
900914,,112,13822709,1282359
1053693,,112,28336825,0
994394,,112,2782862,0
1042473,PASSED,112,0,525866
887285,,112,256161,0
954464,,112,478,2690419
887286,,112,256161,0
887288,,112,256161,0
1043676,PASSED,112,,
935351,NOT PASSED,112,,
1043673,,112,,
887112,,112,11690945,1602297
1080002,PASSED,112,23375879,0
1080000,PASSED,112,,
1020359,PASSED,112,15015613,4054321
1063087,,112,12641531,2541552
1087064,,112,1004720,0
1087067,,112,2016907,0
1022480,,112,,
1062625,,112,817109,21702445
1020354,NOT PASSED,112,24328240,262394
1020355,NOT PASSED,112,9223131,34543293
1020356,PASSED,112,14278087,4404246
900863,,112,2439061,0
889429,PASSED,112,8435415,0
888823,,112,507970,3635470
888824,,112,,
1016978,,112,11360399,0
889423,,112,,
889422,,112,13422545,0
1031909,,112,31288076,0
900868,,112,,
1016970,,112,,
1016973,,112,113280618,0
1012210,,112,15470249,0
1067964,,112,8313929,9217531
899491,,112,,
888828,,112,,
899495,,112,1907182,0
899494,,112,30774623,10150820
899498,,112,761142,0
1000978,,112,,
888952,,112,8845875,152167
888953,,112,3477813,0
901792,PASSED,112,22582477,15860112
1000753,,112,9486603,9666502
1000757,,112,12020768,9517572
901795,,112,,
941468,,112,11391300,0
1000993,,112,,
949904,PASSED,112,29043919,3529227
889761,,112,,
1107474,PASSED,112,24926527,0
1102850,PASSED,112,15766447,3532017
950839,,112,,
1102523,,112,48562508,0
934792,,112,,
991134,,112,,
1085500,,112,30828050,15507972
989744,NOT PASSED,112,,
989741,NOT PASSED,112,8270015,0
989742,PASSED,112,1611947,0
989748,PASSED,112,,
1027437,,112,,
1027430,,112,,
900853,PASSED,112,24776576,350403
1014041,,112,0,5405860
1108826,PASSED,112,,
989695,PASSED,112,3262547,1162921
1108829,PASSED,112,26346770,19210354
1108828,PASSED,112,,
998528,,112,8978,8262515
952509,,112,,
1085349,PASSED,112,,
998702,,112,3225843,5493898
1059103,,112,3224343,1785043
1059105,,112,3224343,1785043
1059104,,112,6118426,1620791
1013247,,112,27167212,478
1059109,,112,8372459,4989168
1086848,PASSED,112,726329,3353951
899121,,112,,
1069838,PASSED,112,37429073,0
901412,,112,12037223,1853627
901415,PASSED,112,8397602,3615552
1083433,PASSED,112,11784409,453257
999652,,112,4243719,0
891869,,112,31472934,0
1069836,,112,83045574,0
1069837,,112,4375997,0
999655,,112,5639390,0
991245,,112,32327683,0
998416,NOT PASSED,112,,
998415,NOT PASSED,112,,
998410,PASSED,112,3551811,0
890027,,112,242216,2616839
890020,,112,2659730,0
890022,,112,8853500,9371010
990043,PASSED,112,895918,2228180
899013,,112,545022,0
899019,,112,627219,191211
1046545,PASSED,112,0,496576
1035458,,112,,
1046543,PASSED,112,891133,20401
993152,,112,,
1022855,,112,,
1021773,,112,1827347,0
1021777,,112,10712364,0
888865,,112,,
1021779,,112,0,12073794
901306,PASSED,112,19317044,16175576
1022858,PASSED,112,62967723,0
900096,,112,17149400,0
900095,,112,7800855,0
937459,,112,1893104,0
1015848,,112,,
937456,NOT PASSED,112,1189819,9562881
900098,,112,,
985137,,112,425909,0
1024634,,112,,
1053205,,112,6730628,8322215
1087218,,112,2419512,0
1106518,PASSED,112,12883541,0
1053192,,112,154595,7482177
1049421,PASSED,112,52657901,2797686
1046665,NOT PASSED,112,0,308432
888367,,112,8398602,0
889942,,112,,
1025453,,112,9027076,0
1025454,,112,14847682,9798843
889946,,112,2244037,0
1052481,PASSED,112,24789700,8500
1025459,,112,8689677,0
1052482,PASSED,112,74129094,478
997237,,112,15969233,0
1104935,,112,,
997230,,112,1103699,36075
1024453,NOT PASSED,112,0,17475458
997238,PASSED,112,37480388,1834647
1020298,,112,82109098,10333151
1020291,,112,8330715,0
1020290,,112,19223018,0
1020294,PASSED,112,14252153,9770749
1025212,PASSED,112,479850,0
1042283,PASSED,112,6234245,1619645
1042463,,112,,
1017969,,112,189600,2209575
1012191,,112,,
1012195,,112,32886157,0
1025583,,112,,
887122,,112,0,2128190
887123,,112,0,16000
1087079,,112,12003244,0
1087077,,112,515714,0
1017566,,112,31467540,0
984629,,112,,
1087073,,112,,
1062655,PASSED,112,157670,15347564
1049648,,112,,
1016969,,112,,
1012995,,112,1675017,0
1012994,,112,,
1012998,,112,,
1017584,NOT PASSED,112,11360399,0
1017581,PASSED,112,,
1067917,,112,7138419,0
1022101,PASSED,112,,
1043653,,112,3294364,0
1016698,PASSED,112,25949549,16638479
939526,PASSED,112,66569056,0
1105183,PASSED,112,21997891,0
1080106,NOT PASSED,112,,
993717,,112,,
888948,,112,,
941695,,112,119432850,1402240
941473,PASSED,112,10235305,541065
941472,PASSED,112,10235305,247411
991250,,112,0,157670
1011330,PASSED,112,660843,8960737
1045955,,112,,
1105454,PASSED,112,0,1287249
1085758,PASSED,112,7408540,1841289
1000696,,112,924592,0
1085757,,112,,
948941,,112,8398602,0
1030667,PASSED,112,12192968,0
1030666,,112,1491148,0
1010113,,112,0,2300400
1102515,,112,,
1102514,,112,9408877,0
1051114,,112,10072780,0
1088293,,112,1971992,0
1033849,,112,46702909,0
1051111,PASSED,112,,
1033847,,112,45852727,0
1033842,,112,4810541,1211154
1024844,PASSED,112,6151225,0
1021903,PASSED,112,3269224,0
1014690,,112,3803167,1614197
999422,NOT PASSED,112,8261515,4135125
1106630,PASSED,112,2302459,0
890308,,112,,
991090,,112,,
1013277,PASSED,112,21793618,1610675
1013270,,112,,
1013272,,112,,
891875,,112,18043065,0
891879,,112,,
1013471,,112,3252012,33150
888382,,112,,
942805,,112,128937,1410700
890017,,112,,
1099553,PASSED,112,,
1046551,PASSED,112,45700932,10876809
1076897,PASSED,112,40301925,8996812
1106611,PASSED,112,12781799,478
890274,,112,,
1014675,,112,,
990451,PASSED,112,25949549,16638479
1014673,,112,3772544,832299
1035840,,112,,
1024629,PASSED,112,21136151,1647624
1024625,,112,,
888150,,112,,
1023401,,112,5651187,3082567
1033711,PASSED,112,4386959,0
1023402,PASSED,112,0,3205990
1071735,,112,5310670,2976297
1035937,,112,,
1086629,PASSED,112,,
1035931,,112,13201882,3718589
1079497,PASSED,112,,
1079491,PASSED,112,36075,580081
1079490,NOT PASSED,112,9831529,4846265
1079493,NOT PASSED,112,36075,688069
1079492,NOT PASSED,112,36825,21717140
996666,NOT PASSED,112,,
1024442,,112,2139712,0
1024443,PASSED,112,9470154,28393416
1024446,PASSED,112,22328831,15227256
899201,,112,1527360,0
899206,,112,36553618,0
889395,,112,,
889394,,112,5986912,984723
889397,,112,864362,0
889391,,112,,
889393,,112,5598007,566250
889392,,112,11153925,3076567
890255,,112,20514182,25802045
1062420,PASSED,112,37598492,0
895220,,112,0,0
1043654,PASSED,112,6476340,190087
1017973,,112,19794689,21875002
1087488,PASSED,112,0,15998108
1012189,,112,3094939,8500
1025009,,112,893441,0
1012180,,112,1540556,0
899516,,112,39239461,3835443
1080067,,112,3370451,0
887137,,112,43249373,0
887134,,112,,
1078957,,112,3812860,0
1049656,,112,,
1049650,,112,962314,6550
1021483,,112,,
1063066,,112,9054749,2228270
1087001,PASSED,112,6811247,0
1021480,,112,8227719,0
1063063,,112,382046,33094825
888848,,112,454432,0
1012231,,112,7408926,0
888846,,112,33227093,0
888847,,112,,
1010498,,112,,
1088269,,112,,
1013491,,112,7725979,0
1080114,PASSED,112,37654265,8997562
1080115,NOT PASSED,112,9054749,2228270
1080110,PASSED,112,36825,0
1080111,NOT PASSED,112,4128502,22038178
1080112,NOT PASSED,112,332291,750
1045947,,112,,
934848,,112,,
1082523,,112,6091614,39650
1059837,,112,,
1108622,PASSED,112,0,5779568
1054690,PASSED,112,5665228,127400
979209,,112,661753,12224905
887244,,112,0,1866147
1010106,,112,17807581,3082567
888710,,112,,
1010100,,112,18639721,4313659
1069778,,112,6407694,0
1108936,PASSED,112,0,8185458
897209,PASSED,112,414069,0
1011297,,112,10981190,0
1011296,,112,,
897205,PASSED,112,72183819,0
1081082,PASSED,112,37429073,0
979721,PASSED,112,,
1015040,,112,12921460,0
999416,,112,0,12639192
1027411,,112,18526956,862203
890311,,112,,
1066421,,112,3113057,750
999677,PASSED,112,28200722,1610197
999672,,112,248328,0
1013468,,112,,
891846,NOT PASSED,112,,
1021802,PASSED,112,0,4844852
1021801,PASSED,112,4343514,0
1021800,NOT PASSED,112,,
890004,,112,36146578,19328238
1102732,PASSED,112,,
1012179,PASSED,112,14278087,4404246
1059761,PASSED,112,7408540,1841289
990026,,112,5437337,0
1014487,,112,8330715,0
1049537,PASSED,112,51192047,0
1025113,,112,8574726,2353254
889972,,112,,
990115,,112,21278050,0
1045575,NOT PASSED,112,52935515,3532017
1045577,NOT PASSED,112,,
888147,,112,253961,0
1045573,PASSED,112,,
1045572,NOT PASSED,112,,
1023411,PASSED,112,56909116,2817350
980984,,112,,
980986,,112,15998359,0
940850,,112,4094956,8390852
1079489,PASSED,112,9513922,0
980966,,112,7185722,0
1086873,,112,750,0
980965,,112,,
1086875,,112,3726218,492684
1086879,PASSED,112,8584649,1628139
1025470,PASSED,112,0,8853924
1025471,PASSED,112,,
996675,NOT PASSED,112,,
996676,PASSED,112,,
1063478,,112,12858312,0
1078992,NOT PASSED,112,49736932,15457900
1078991,NOT PASSED,112,36075,26059659
1078990,NOT PASSED,112,0,721019
1078994,NOT PASSED,112,36825,17001543
889816,,112,,
934835,,112,1176953,0
892519,PASSED,112,2906025,0
892511,,112,9819879,0
895230,,112,,
986652,,112,228355,712832
954458,,112,8544669,0
1087111,PASSED,112,8809245,20468787
1025015,NOT PASSED,112,1189819,9562881
1024870,,112,,
944746,,112,524756,4342806
1049667,,112,2076934,1617108
1063074,,112,,
888850,,112,7640284,0
888853,,112,3526017,0
888857,,112,,
1083232,PASSED,112,,
899448,,112,122736910,0
1100337,PASSED,112,8300869,2370015
1069773,,112,3815241,0
1100334,,112,,
1019967,,112,,
899442,,112,42983785,0
1019963,,112,13129711,0
887094,,112,,
887095,,112,,
887096,,112,18807975,1187154
1045978,,112,9417123,11571318
934856,,112,19321585,0
934853,,112,3130454,0
1045971,,112,1888273,31911833
887471,,112,,
887477,,112,63250,1318132
1000787,,112,,
1000234,NOT PASSED,112,,
941417,,112,23810903,0
1080545,,112,,
1015858,PASSED,112,100742537,15112291
1015857,PASSED,112,102031503,15138191
1015856,PASSED,112,129315482,27246797
1015855,PASSED,112,19220157,8321215
1015854,PASSED,112,6893183,0
1015853,NOT PASSED,112,37166988,9877126
1071042,,112,20171445,0
888702,,112,4984362,0
893473,,112,,
1000657,,112,1087889,0
949824,,112,710032,1589327
1012953,,112,,
989978,,112,,
1011282,,112,,
889494,,112,5023872,0
999405,,112,3483813,0
1014073,PASSED,112,9686427,33774755
995193,,112,3437007,13722201
991184,,112,1820718,0
901748,,112,,
1060960,NOT PASSED,112,,
989806,,112,14502135,6996479
991072,,112,8500,4580540
991070,,112,22007084,0
1100939,PASSED,112,13355559,162450
1060965,PASSED,112,27463219,349403
990582,PASSED,112,134566996,10832577
943539,,112,14731249,43700
990587,PASSED,112,14411181,0
943532,,112,9190995,0
890074,,112,2567305,1761675
1106158,PASSED,112,,
995205,,112,0,6638687
1070990,,112,,
953355,,112,9041343,0
1024048,PASSED,112,1794928,16500
998621,PASSED,112,8500,9470154
998622,,112,2899897,181579
1024044,,112,4019583,0
1024046,,112,23661305,0
901351,,112,4100998,157670
1014498,,112,,
901358,,112,18568892,9810273
1014490,,112,8500,0
889159,,112,,
1023395,,112,2060076,0
1023394,PASSED,112,45478768,9004437
1014659,PASSED,112,103893987,3051197
1066745,NOT PASSED,112,14640778,69122212
890109,,112,,
990104,,112,3308870,0
899029,PASSED,112,165420,3672401
1106567,NOT PASSED,112,6979459,25913959
1045566,PASSED,112,17624759,0
1105238,,112,15969941,0
937481,NOT PASSED,112,3076700,8631681
937480,PASSED,112,1217587,0
1021635,,112,9194015,1614197
1021637,PASSED,112,17505178,2844781
893410,PASSED,112,,
980992,,112,,
1101225,,112,0,4115347
1021638,,112,201779,1614197
980974,,112,53636949,0
980972,,112,93586984,0
1078988,NOT PASSED,112,36075,6717163
1078989,PASSED,112,416000,750
1058422,,112,14593574,450200
1104940,,112,5235418,0
1025397,,112,4743146,4779671
1078985,NOT PASSED,112,3845749,4936049
1078986,PASSED,112,1928484,0
1078987,NOT PASSED,112,0,67549433
1062406,PASSED,112,27830186,0
1049703,PASSED,112,25330579,2004445
1106416,PASSED,112,9096981,0
981002,,112,1742422,4035223
889806,,112,,
1106963,PASSED,112,1347489,0
893583,PASSED,112,,
888822,,112,,
1022045,PASSED,112,,
900860,,112,66237732,2081274
944810,,112,5717632,1846453
899537,,112,,
1080040,PASSED,112,0,3082567
1080045,PASSED,112,15466636,688069
1016975,,112,8996812,15384035
944723,,112,,
900869,,112,2318940,0
1024176,PASSED,112,19217013,19563366
941719,,112,1848464,916350
1069373,NOT PASSED,112,,
1069375,NOT PASSED,112,,
1069374,NOT PASSED,112,,
1069377,PASSED,112,31457807,8996812
1069376,NOT PASSED,112,,
949758,,112,8577181,2262950
949759,,112,971729,6513550
1086571,,112,,
939516,,112,,
939515,,112,,
934862,,112,157670,1009319
934865,PASSED,112,8922773,9326448
1016669,,112,28301530,742876
887462,,112,,
1031894,,112,,
1031896,,112,3651724,0
950786,,112,12535792,4172173
901914,,112,20571277,0
940278,NOT PASSED,112,8809800,3731648
954481,PASSED,112,14662014,2948980
954482,PASSED,112,,
1016247,PASSED,112,9686427,33774755
887266,,112,,
954335,,112,,
887263,,112,0,41456
1100476,,112,3697653,0
1100471,,112,2324780,0
888737,,112,2670286,8545447
887518,,112,1602775,0
1069791,,112,33147293,0
897262,PASSED,112,112887394,52290370
897263,PASSED,112,112887394,52290370
1000646,,112,8518119,0
897267,PASSED,112,14580538,0
1031195,,112,535500,3438853
989961,,112,745376,1607447
889483,,112,,
889487,,112,22962450,19904338
1054758,,112,2457682,0
1000794,,112,10621819,0
1000793,,112,14609818,279950
1046921,,112,15967383,0
1021956,,112,,
1033259,PASSED,112,8329715,3831947
889732,,112,2027793,269260
889731,,112,3686722,1169666
979743,NOT PASSED,112,,
888604,,112,8398602,4606935
1033256,PASSED,112,8500,9272581
995525,,112,,
1096958,,112,2765128,0
1061752,PASSED,112,,
1061755,NOT PASSED,112,,
1019394,,112,24344377,0
991067,,112,,
1088156,,112,,
943528,,112,1667852,3076567
943521,,112,0,1620187
1009125,PASSED,112,185084387,13212381
1087226,,112,7896860,0
998637,PASSED,112,8427685,55404901
901348,,112,,
1020010,,112,18085951,0
1023380,,112,20346060,0
889510,,112,,
1059146,PASSED,112,51192047,0
1024672,,112,15833096,0
944485,PASSED,112,8544447,5322698
1077531,PASSED,112,1655933,22268275
1077532,PASSED,112,0,70513826
1032619,PASSED,112,,
940871,,112,5198279,3635470
1009058,PASSED,112,19194907,0
1101250,NOT PASSED,112,38586235,1898023
940874,,112,12914959,8809800
940876,,112,,
985154,,112,,
1025650,,112,9296030,0
888050,,112,99000,0
948238,,112,,
899237,,112,,
899234,,112,912451,0
1079443,PASSED,112,,
1079441,PASSED,112,,
1062477,PASSED,112,,
1020018,PASSED,112,9566948,0
1020017,PASSED,112,13252853,0
1020016,PASSED,112,24776576,350403
981011,,112,38900,7661118
981010,,112,,
1105311,,112,30157290,10096022
1024381,PASSED,112,,
1024385,PASSED,112,8684988,0
893574,PASSED,112,8389852,34342891
895256,PASSED,112,0,4844852
955328,,112,,
955329,,112,119442057,0
899525,,112,11358067,0
1063059,,112,43700,17703267
996652,NOT PASSED,112,8270015,2787723
1029629,,112,606050,4014558
944734,,112,11200391,10092521
1049603,,112,3083317,13945327
888184,PASSED,112,478,1598297
1080091,PASSED,112,7155951,91085354
1080090,PASSED,112,,
887180,,112,746683,2435254
887185,,112,,
1071068,PASSED,112,1266000,680689
1060906,PASSED,112,1916347,16308041
887070,,112,,
887071,,112,,
1000253,,112,,
1000251,,112,,
887695,,112,,
1000257,PASSED,112,,
1000255,,112,,
1016679,,112,5542171,750
893628,PASSED,112,157670,1008319
1105499,NOT PASSED,112,8313494,0
1035347,NOT PASSED,112,44502042,10876809
985536,,112,,
985535,,112,4124614,1165115
954328,,112,,
954497,,112,,
887213,,112,8390852,30879272
954327,,112,9974755,398449
1100262,,112,628969,0
954321,,112,82914252,11572068
887214,,112,154595,578728
985539,NOT PASSED,112,19335604,3440924
950840,,112,8398602,0
950849,,112,177188,1941687
1019125,PASSED,112,8500,9470154
1000672,PASSED,112,74129094,478
1088099,,112,,
1054741,PASSED,112,,
989955,,112,745376,1607447
989957,,112,745376,1607447
1054749,,112,,
989953,,112,,
1045912,,112,,
1045915,,112,,
1013210,PASSED,112,67102696,20928466
1015014,,112,8504294,8983236
1082498,,112,4084199,0
901763,,112,0,2108610
1061745,PASSED,112,45478768,9004437
1061747,PASSED,112,76876311,22554581
1061749,PASSED,112,,
889143,,112,254729,0
1067696,PASSED,112,30247428,10057137
1014700,,112,1408954,228355
1014701,,112,37166988,9877126
1014702,PASSED,112,9686427,33774755
1014703,PASSED,112,12088005,2681086
991236,,112,2557982,0
980011,,112,23006529,0
991238,,112,1047289,0
980019,,112,384778,12043304
989737,PASSED,112,10439308,3323593
995228,,112,9004437,52004209
989739,NOT PASSED,112,,
1032754,PASSED,112,12878443,21638652
1021720,PASSED,112,444676,1610197
934795,PASSED,112,,
1050069,,112,25107664,7114004
1075688,NOT PASSED,112,31632227,50338306
943469,,112,4211060,11445580
1023372,PASSED,112,8329715,1446740
990129,,112,8644813,0
890128,,112,6738261,12345512
940863,,112,,
940862,,112,15226453,18475087
889226,,112,955500,21572014
889222,,112,,
940269,,112,,
980959,,112,10139791,4721884
980957,,112,1744247,0
940264,,112,2487787,36075
1079439,PASSED,112,581721,36075
1052768,PASSED,112,14252153,9770749
1052764,PASSED,112,21136151,1647624
1079431,PASSED,112,4024701,0
1079437,PASSED,112,,
888061,,112,281561,1941687
1052762,,112,,
1071872,,112,9054749,2228270
1071871,,112,31632227,50338306
1087626,PASSED,112,6951276,1628139
1105361,,112,0,932341
1105365,PASSED,112,19821835,0
901394,,112,,
893567,,112,4446666,12313283
893566,,112,30874853,0
935337,,112,17673434,0
1105020,PASSED,112,17050073,1900305
944839,,112,1779739,31373009
1025284,,112,12284574,226303
1062990,,112,4429329,0
1024928,PASSED,112,5853956,0
1045571,NOT PASSED,112,11992512,0
1049618,,112,15333134,0
989662,PASSED,112,,
1087288,,112,0,28815012
1080088,NOT PASSED,112,1708172,3082567
1080080,,112,,
1022393,,112,,
1022398,,112,25435522,0
893496,,112,,
887067,,112,,
940854,,112,968242,1919884
1000241,,112,11474077,0
1000243,,112,,
1000246,,112,,
889400,,112,,
934801,PASSED,112,,
1105482,,112,9512578,5057390
1031879,,112,0,35526359
1031877,,112,56955669,0
890266,,112,11427971,0
986651,,112,37149276,0
986654,,112,13675897,0
986655,,112,,
1015862,PASSED,112,124910980,15859886
953417,,112,2419512,3436725
1015860,PASSED,112,113720084,22092517
1015861,PASSED,112,116105308,6102206
889406,,112,,
1034113,,112,,
979234,,112,12138567,0
979235,,112,1790947,0
1080576,,112,5513026,0
954311,,112,63385015,36840214
954314,,112,190350,0
954316,,112,,
954317,,112,,
1100459,,112,,
1016286,,112,,
888808,,112,595250,899208
901803,,112,9242158,4256357
1016288,,112,,
989949,,112,16478,3029475
989948,,112,28352989,4542973
1012968,,112,,
989941,,112,19722739,41133990
887446,,112,8964115,10040292
979581,,112,1552538,6998959
979569,,112,6446850,0
1043075,,112,496576,27293043
1016847,,112,1080149,0
1000067,,112,2235310,0
952500,,112,180549,0
897397,PASSED,112,7806938,0
1018262,PASSED,112,2669002,1856847
1083444,PASSED,112,,
1102695,,112,4872759,2195212
999032,PASSED,112,18417120,10411013
998521,,112,,
980003,,112,3068584,0
1042099,PASSED,112,14897333,2551900
989725,NOT PASSED,112,1611947,451144
1078993,NOT PASSED,112,10543614,8019246
943473,,112,,
943474,,112,1982283,1602297
890135,PASSED,112,0,11490566
990156,,112,9048081,0
890131,,112,,
888870,,112,,
899122,,112,253961,0
951827,,112,,
951821,,112,,
951823,,112,,
951822,,112,3955739,0
1024653,,112,,
940812,,112,,
954325,,112,,
940811,,112,7463181,3414802
1020729,PASSED,112,,
1020721,,112,8173930,0
1046204,,112,,
1099476,PASSED,112,,
889213,,112,16430995,8809800
889215,,112,616867,0
889217,,112,,
990571,NOT PASSED,112,0,9130699
980928,,112,1726142,0
940250,,112,31788820,0
980921,,112,8262515,354675
1013176,PASSED,112,,
1079422,PASSED,112,,
888074,PASSED,112,37002828,41125275
889853,,112,12367956,9741425
889857,,112,16738176,0
1071868,,112,13998307,0
895207,,112,,
1086720,,112,,
944827,PASSED,112,22328831,15227256
893552,,112,9242104,0
893555,,112,750,8809800
1021292,NOT PASSED,112,13985213,19083691
1025525,,112,2576184,4824412
1035328,PASSED,112,27345822,530065
1063038,,112,2782686,0
1035326,,112,9256904,0
1021452,,112,8330715,0
1086345,NOT PASSED,112,0,2037144
1086343,,112,,
1087830,,112,556835,28402872
949763,,112,,
892456,,112,13773026,19047491
1071739,PASSED,112,7155951,91085354
1060963,NOT PASSED,112,,
1060962,NOT PASSED,112,,
1006506,PASSED,112,5646521,0
1060967,PASSED,112,301535,316025
900968,,112,5016426,0
935293,,112,10380885,0
900967,,112,,
900964,,112,,
935298,,112,,
1105169,PASSED,112,140082170,136500
1104425,,112,13933513,0
1085900,,112,2412925,0
1035032,,112,,
1035030,,112,14519891,59405210
948964,,112,12068653,0
887058,,112,,
1012035,PASSED,112,660843,8960737
887052,,112,3913497,0
887056,,112,10332539,0
893601,PASSED,112,,
893602,PASSED,112,,
893606,PASSED,112,,
1060362,NOT PASSED,112,111859083,5995405
1060365,NOT PASSED,112,16848183,0
941348,PASSED,112,11772097,1568490
1060367,NOT PASSED,112,,
1099263,PASSED,112,1796074,0
895231,,112,6542383,0
986641,,112,750,189600
1011481,,112,,
986642,,112,17037471,1348949
1011484,,112,37166988,9359186
954307,,112,62747482,0
954306,,112,100141051,0
887236,,112,,
1031194,,112,,
954302,,112,,
954301,,112,26784779,0
1031198,,112,729940,1201654
1104761,,112,5634352,0
938841,,112,,
1034107,,112,6793682,61489051
987469,NOT PASSED,112,0,31241045
1044533,PASSED,112,5646521,0
889458,,112,72920,2823130
889459,PASSED,112,,
889457,,112,,
889455,,112,0,5692448
1022218,,112,12295427,0
1022187,,112,14734739,0
1000583,,112,58816958,0
1054767,,112,1889234,0
1019587,,112,24328240,262394
887303,,112,30531123,1121409
979591,,112,56117605,0
1072531,,112,3956453,0
990362,PASSED,112,52619922,1856847
1015038,,112,,
1046914,,112,38116570,0
1046915,,112,,
979571,,112,2755189,0
979570,PASSED,112,13252853,0
1108695,PASSED,112,0,20428753
989668,PASSED,112,,
1041940,PASSED,112,7979822,0
1021311,,112,51966913,9066100
999026,,112,43700151,3082567
889676,,112,1604417,8809800
980031,,112,,
1059084,PASSED,112,1339863,0
1059087,PASSED,112,3773777,0
889678,,112,21043853,0
889679,,112,,
890096,,112,8489652,0
1014344,,112,2385093,0
1014345,,112,100799978,22092517
1014346,,112,101018803,1099270
1014347,,112,100225224,1099270
889117,,112,,
990148,,112,2102131,262394
1015741,PASSED,112,,
1021985,PASSED,112,11898846,4627310
888417,PASSED,112,9241158,19735336
951818,,112,39650,2485306
951819,,112,,
1083293,,112,4138143,0
951816,,112,20990783,0
899398,,112,10513727,0
899396,,112,12761041,0
899397,,112,,
899390,,112,15002038,9796281
1033772,PASSED,112,34030269,11770250
940803,,112,16280452,13858572
899156,,112,4907931,0
1033575,,112,3363267,262394
1033577,,112,827706,0
1069848,PASSED,112,0,23333832
1009082,,112,10394240,3357603
1033578,,112,,
1022991,PASSED,112,103893987,3051197
1014501,,112,22443087,0
1033573,,112,3249734,1623645
990215,,112,,
1058464,PASSED,112,2445983,0
990216,,112,774133,0
1079412,PASSED,112,1027417,0
1025606,PASSED,112,,
1052748,,112,9217319,2063631
1087193,,112,,
889848,,112,9180506,3273319
937320,PASSED,112,,
944459,,112,1369206,3076567
944454,,112,12951217,0
944455,,112,7166710,38900
1049584,,112,4333913,0
944453,,112,1564144,0
944451,,112,,
1079414,PASSED,112,36075,492684
1058466,PASSED,112,182329,5656360
1106386,,112,65900,1180860
1025510,PASSED,112,87705667,20390127
1105007,PASSED,112,34511607,0
993142,,112,0,2032604
899376,,112,12954141,14539705
1035339,PASSED,112,84644723,20390127
899374,,112,2089561,0
1053721,NOT PASSED,112,4396815,14207721
1022436,PASSED,112,,
1087517,PASSED,112,9616358,36474541
949793,,112,22221263,0
1022175,,112,14223573,0
900977,PASSED,112,0,264850
900970,,112,14990093,13044396
887042,,112,,
887041,,112,,
1019968,,112,20907296,0
893547,,112,10652014,0
893546,,112,1604417,0
1012162,,112,,
893549,,112,8809800,3076567
1012169,PASSED,112,15015613,4054321
1000268,PASSED,112,1481336,66794879
888932,,112,,
1000266,PASSED,112,55575846,2151416
888939,,112,,
986074,,112,,
1000465,PASSED,112,52526670,13060724
1054805,,112,8827268,0
940752,PASSED,112,,
1000460,NOT PASSED,112,,
887223,,112,0,33650
1063174,,112,56493851,0
887226,,112,154595,578728
887225,,112,,
941752,,112,14692567,20258733
987473,NOT PASSED,112,,
987475,NOT PASSED,112,,
987474,NOT PASSED,112,,
941758,,112,,
1034132,,112,1285651,7057655
1108992,PASSED,112,9739820,21932748
1051058,PASSED,112,12192968,0
889683,NOT PASSED,112,0,11490566
889681,,112,9529353,24468715
1034485,,112,,
1034487,,112,0,26156970
1022200,NOT PASSED,112,8865215,4210652
1019591,PASSED,112,11898846,4627310
901822,,112,20047378,0
995490,,112,1814656,2664628
889443,PASSED,112,,
992436,,112,44007781,0
1054712,,112,0,23813457
1054711,,112,10456750,3683
1045929,,112,9643137,8500
1030927,,112,19820752,3082567
1030929,,112,9819555,10826263
987103,,112,4938492,1607447
987109,,112,,
901739,,112,3110714,0
1088198,,112,,
953343,,112,180079,2262950
1019110,,112,95050314,15114246
941756,,112,12751749,36075
978239,,112,195523,0
888799,,112,21303999,1654933
888792,,112,22645540,0
888797,PASSED,112,112887394,52290370
888794,,112,,
980020,,112,,
890088,PASSED,112,14242949,9207992
890087,,112,,
890084,,112,16478,2702888
1023347,,112,12260930,343600
1086036,NOT PASSED,112,35658121,74225970
1023348,,112,6870957,0
1022222,,112,3575251,0
1012259,,112,,
889948,,112,,
1052480,PASSED,112,4396815,14207721
899389,,112,8845875,12767471
899388,,112,258569,0
1035838,,112,,
940839,,112,6418201,8548522
1083247,,112,10592707,0
899141,,112,3168331,0
1046418,NOT PASSED,112,0,336644
888337,PASSED,112,8889978,6109459
1046413,NOT PASSED,112,,
1100981,PASSED,112,2869600,0
1046411,NOT PASSED,112,,
1046410,NOT PASSED,112,18120301,15123845
1046417,NOT PASSED,112,0,336644
1046416,NOT PASSED,112,36075,15023756
1046415,NOT PASSED,112,0,3653393
1046414,PASSED,112,0,31626516
990519,,112,,
900121,PASSED,112,,
1078978,PASSED,112,41904156,0
990227,NOT PASSED,112,41650,4171397
1078973,PASSED,112,3650976,4863188
1078975,NOT PASSED,112,0,19249908
1078974,PASSED,112,1846965,36075
1078977,NOT PASSED,112,0,43239329
1078976,PASSED,112,2666418,0
1087188,PASSED,112,8300869,2370015
1105351,,112,,
1105354,,112,,
1046522,,112,3313761,0
1046521,,112,8453621,556835
1046520,,112,962314,6550
889875,,112,,
889870,,112,1923934,0
1046529,PASSED,112,5421937,0
944448,,112,15529514,500910
944445,,112,,
889890,,112,,
887371,,112,0,1850147
899561,,112,21892858,2297402
1021475,,112,,
1021473,,112,9955504,0
886972,PASSED,112,,
1024368,PASSED,112,,
899569,,112,22118768,0
899366,,112,,
899361,,112,,
899360,,112,29549440,0
892488,PASSED,112,10235305,541065
940234,,112,5577724,0
980903,,112,39992016,0
893445,,112,478,12345512
938832,,112,,
935278,PASSED,112,9470154,28393416
1105109,PASSED,112,,
1105108,PASSED,112,,
900944,,112,,
887032,,112,3361843,1815447
887037,,112,,
887038,,112,0,26800794
893534,,112,123580,0
986080,NOT PASSED,112,,
1024737,PASSED,112,84644723,20390127
888924,,112,,
888927,,112,3456887,2209826
888926,,112,,
888920,,112,,
888928,,112,12970833,0
941360,NOT PASSED,112,13805001,16453619
1000453,,112,16329346,14645294
1054817,,112,6763309,745550
891726,PASSED,112,0,20864750
953423,PASSED,112,27864674,3508150
1034128,,112,16051167,9178152
1023909,,112,26341093,1614197
979201,,112,,
1021251,,112,15083120,301101
887212,,112,,
1102967,,112,,
1012246,,112,,
900834,,112,3216142,0
1022237,,112,12309645,0
1022238,,112,,
1069699,PASSED,112,182878198,6086048
1043048,,112,7774766,0
1059108,,112,3148601,6960009
1085620,,112,36056570,11248300
1085622,PASSED,112,14218860,5456155
954219,,112,40670990,5903345
1016637,,112,18953009,4368944
1016634,,112,,
993425,PASSED,112,,
887497,,112,,
889786,,112,2171680,8390852
1033203,,112,10349145,850251
1000701,,112,1729514,26325435
1000703,,112,13514520,0
941416,,112,548250,0
1000707,PASSED,112,51532385,23614622
979552,,112,,
1016834,,112,1080149,0
1045867,PASSED,112,,
952559,PASSED,112,28462013,3508150
889098,PASSED,112,,
889097,,112,,
889093,,112,,
1079984,PASSED,112,23693914,0
888787,,112,412524,0
950893,,112,,
1013500,,112,2212914,8500
998376,,112,2863835,0
1013505,,112,1942477,213150
942865,,112,9653387,67506047
1013508,,112,680689,356675
942861,,112,,
942863,,112,7660335,4300149
1014327,PASSED,112,116105308,6102206
1027317,,112,8996082,762576
1025280,,112,11133340,0
937427,,112,2211961,0
1032849,PASSED,112,14242949,9207992
887121,,112,8529102,456803
940828,,112,19252638,13006841
995912,,112,,
940823,,112,,
1013214,PASSED,112,62967723,0
899176,,112,,
995190,PASSED,112,6893183,0
997647,,112,7828585,0
997643,,112,,
997649,,112,25227014,8960737
899282,,112,6688321,22450
1052725,PASSED,112,13546886,0
1106473,,112,,
1079408,PASSED,112,10704984,0
953387,,112,2759218,0
1023797,NOT PASSED,112,,
1072515,,112,556000,4127515
1072516,PASSED,112,37654265,8997562
900220,,112,,
900222,,112,,
944471,,112,3617781,0
944472,,112,22342764,0
944474,,112,6397447,0
1067181,PASSED,112,6476340,190087
1067183,PASSED,112,32705167,8329715
1067184,PASSED,112,33552765,0
939481,,112,8797659,3735433
1079509,PASSED,112,12354923,0
1079508,PASSED,112,14120164,26647678
939485,,112,3930018,0
1109047,PASSED,112,,
1079503,NOT PASSED,112,8997562,9872420
1079502,NOT PASSED,112,19079286,900520
1079501,NOT PASSED,112,0,8846955
1079500,NOT PASSED,112,0,36822860
1079507,NOT PASSED,112,492684,1108049
1079504,NOT PASSED,112,0,1401976
1099623,PASSED,112,4365065,0
1063575,,112,1809178,0
1099625,PASSED,112,0,3231868
980913,,112,,
900957,,112,,
893454,,112,15508641,4387557
900959,,112,5264264,0
900958,,112,27680177,46678173
938842,PASSED,112,18417120,10411013
1060959,NOT PASSED,112,,
948957,,112,,
948955,,112,2599061,0
1019913,PASSED,112,19234871,8086894
1025400,,112,12613869,0
887021,,112,,
1021315,,112,63632713,0
1035005,,112,12034697,0
1031230,PASSED,112,22582477,15860112
1035000,,112,26578145,0
1021310,,112,22985102,2079487
893528,,112,15477296,0
888910,,112,3526017,234182
888911,,112,,
888913,,112,,
1016484,PASSED,112,52619922,1856847
1016486,PASSED,112,8889978,6109459
888919,,112,,
1011452,PASSED,112,2822264,8321215
1023806,,112,30409458,280700
1022511,,112,17775617,0
1042439,PASSED,112,,
1025238,,112,945039,0
887152,,112,,
1000621,,112,,
901849,,112,13297290,0
1012921,NOT PASSED,112,,
1029895,,112,0,4669161
1031945,PASSED,112,8684988,0
1031943,NOT PASSED,112,,
1043059,,112,,
1088206,,112,8978,0
1030787,PASSED,112,11601268,0
1088203,,112,,
887378,,112,0,1850147
954220,,112,4014291,0
1105737,PASSED,112,,
1018792,PASSED,112,14662014,2948980
987128,NOT PASSED,112,26380514,1313498
941428,,112,8950885,10413073
987122,,112,507220,0
1085499,PASSED,112,8584649,1628139
987471,NOT PASSED,112,,
989879,PASSED,112,10712286,1603447
1052761,,112,21684718,0
953368,PASSED,112,14897333,2551900
982031,PASSED,112,6693046,0
953365,,112,13819756,10306003
1075392,PASSED,112,6811247,0
1075393,,112,,
978219,PASSED,112,2611249,0
952543,,112,,
952542,,112,,
1102497,,112,0,34045112
976988,,112,,
889085,,112,26019406,0
889086,,112,26837268,2329350
976986,,112,36825,0
980049,PASSED,112,15533809,3285345
1079998,PASSED,112,822515,0
952499,,112,5049813,33150
1079991,PASSED,112,3626612,0
991179,,112,11493595,0
1079993,PASSED,112,3310290,0
1021793,NOT PASSED,112,,
1021797,NOT PASSED,112,,
1021796,NOT PASSED,112,,
1021795,NOT PASSED,112,,
1021794,NOT PASSED,112,,
942851,,112,176576,1369230
1021799,NOT PASSED,112,,
1021798,NOT PASSED,112,,
942854,,112,,
891912,,112,9102019,9207328
889982,,112,179907,0
1061660,PASSED,112,16110957,4580260
985157,PASSED,112,7979822,0
900032,,112,8390852,16000
900035,,112,12988641,8548522
1076974,NOT PASSED,112,8321215,531254
1033098,PASSED,112,,
899167,,112,,
899160,PASSED,112,34244602,1598297
937412,,112,891268,0
898575,PASSED,112,2630020,90437
995923,PASSED,112,1794928,16500
999611,PASSED,112,,
888359,,112,,
985369,,112,,
997630,,112,,
1074110,PASSED,112,30247428,10057137
899297,,112,3285634,2262950
899298,,112,10679044,989862
996637,,112,3797880,0
1010099,,112,9950214,16145735
1023786,,112,8171251,0
1023781,,112,11179976,5000147
944465,,112,,
944464,,112,3284082,0
1020678,,112,23568093,0
996632,,112,256828,0
944468,,112,87402612,29030270
1000606,,112,2038192,0
943499,,112,4388091,2379888
1086562,,112,7859443,152167
1086785,PASSED,112,9108367,2571603
1087093,PASSED,112,65979193,34533504
1053714,,112,46120127,0
1079510,PASSED,112,9438630,13218646
886997,PASSED,112,37002828,41125275
1053719,PASSED,112,6162843,127850
1013024,NOT PASSED,112,4391517,0
1025281,,112,21468751,0
888128,,112,278043,705636
985179,,112,733689,0
985172,,112,1215574,0
1029640,NOT PASSED,112,,
1103639,PASSED,112,28462905,0
900922,,112,8738380,0
900928,,112,,
938853,,112,,
1031229,PASSED,112,,
1063368,PASSED,112,29877162,0
887010,,112,,
1031227,,112,47753187,31723438
887012,,112,548250,0
1012139,,112,3371145,0
1012132,,112,,
1000430,,112,10400503,12288497
1021168,PASSED,112,45700932,10876809
1000438,,112,13826217,0
1016320,,112,,
1012485,,112,213150,176733
1042428,,112,10309325,9549454
1042425,,112,1326790,0
976405,NOT PASSED,112,15332440,14263149
1006490,,112,,
954341,,112,,
887168,,112,,
887169,,112,,
1023920,,112,4811991,0
887163,,112,,
1080032,NOT PASSED,112,36075,3575251
941765,,112,3807504,8809800
1080030,PASSED,112,,
1016920,PASSED,112,10057154,3083317
887747,,112,,
889419,,112,,
987481,NOT PASSED,112,,
987484,PASSED,112,,
1031954,NOT PASSED,112,,
1031955,PASSED,112,11601268,0
954238,,112,,
1034072,,112,34450,8243088
1034073,,112,1489190,22462002
1023813,PASSED,112,67102696,20928466
1081079,,112,8312512,0
1030759,PASSED,112,,
1102959,,112,5491413,3136200
1026318,,112,11460124,1668427
1000763,,112,819600,0
1016819,,112,3749551,11205273
900102,,112,,
988043,NOT PASSED,112,0,1820718
953373,,112,23443168,0
1045846,PASSED,112,37667619,0
953375,,112,7218936,8262515
952538,,112,,
979546,NOT PASSED,112,,
952530,,112,1980560,0
952537,,112,,
953390,,112,,
991294,PASSED,112,21793618,1610675
949808,PASSED,112,8500,9272581
889431,NOT PASSED,112,,
1106395,PASSED,112,155255994,152167
1088015,NOT PASSED,112,8848145,58658265
1082526,,112,5904719,0
1083308,PASSED,112,18479857,13013470
1021788,,112,11572068,0
998425,NOT PASSED,112,,
900025,,112,63538317,0
1102737,,112,,
889745,,112,,
889741,PASSED,112,56909116,2817350
888697,,112,,
1083411,PASSED,112,,
998511,PASSED,112,8427685,55404901
982682,,112,,
994401,,112,,
1032684,,112,14593574,450200
1032681,,112,9144206,1624480
995939,NOT PASSED,112,,
998730,NOT PASSED,112,10093262,227046
900112,,112,14140642,0
900111,,112,24966643,8853500
990526,PASSED,112,411093,38374063
990525,NOT PASSED,112,,
900119,,112,12166563,0
888345,,112,693636,1009319
997621,,112,,
1057717,PASSED,112,1938794,1827258
997627,,112,12294667,8262515
1106651,,112,,
1033620,PASSED,112,8329715,1446740
1046518,,112,72097217,0
1020667,,112,8407281,0
1020662,PASSED,112,27463219,349403
900209,,112,9753900,0
1086570,,112,9593368,750
900202,,112,,
990410,,112,6970454,0
1076341,PASSED,112,46194237,0
1025226,,112,,
886989,,112,,
951142,,112,24201244,0
1032663,,112,,
937483,NOT PASSED,112,,
1087225,,112,,
1087221,,112,,
1011893,PASSED,112,15395879,8960737
1086311,,112,12096284,4351410
1071987,PASSED,112,27147006,0
1071986,PASSED,112,,
1071985,NOT PASSED,112,242966,270257
892473,PASSED,112,0,11711865
989675,NOT PASSED,112,,
1071989,NOT PASSED,112,,
1071988,PASSED,112,31147235,0
1024402,,112,,
1105131,PASSED,112,944923,228355
1024409,,112,,
899243,,112,256144,12207822
899241,,112,,
984784,,112,,
1049558,,112,979962,8322215
899248,,112,,
1020346,PASSED,112,301535,316025
1016316,,112,9923051,0
1012492,,112,31709161,0
887177,,112,,
1087047,NOT PASSED,112,6979459,25913959
1080028,PASSED,112,393058,0
1011269,,112,16865853,2019296
1080026,PASSED,112,4789979,0
1080022,PASSED,112,12354923,0
888806,,112,348008,899208
888807,,112,3304922,4172268
889403,,112,9755684,0
888802,,112,14365732,1644895
1086569,PASSED,112,20719230,11588764
888800,,112,,
888801,,112,1520810,0
901864,,112,542004,2314225
901862,,112,9394557,5244562
888809,,112,7761960,899208
900849,,112,,
900841,,112,2232565,3018073
900842,,112,,
1099361,,112,671672,1237070
1043073,,112,12875728,0
1043070,,112,16000333,8960737
979986,,112,6857376,16817228
1000959,PASSED,112,474650,344950
1000086,,112,3917140,416000
1000087,,112,11610218,0
1000084,,112,,
1000082,,112,3057065,0
1034999,,112,0,16464728
979508,PASSED,112,1949414,0
1000779,,112,,
1011308,PASSED,112,895918,2228180
1011307,,112,27253005,280700
1011305,,112,,
1045984,,112,0,2332823
1075402,,112,12824981,0
1054662,NOT PASSED,112,0,8503544
897376,PASSED,112,,
979186,,112,,
888590,,112,3531923,8398602
979610,NOT PASSED,112,8996812,10465734
1023046,PASSED,112,,
953416,,112,25191742,8960737
1102838,PASSED,112,3483813,0
901884,,112,6610963,0
991115,,112,3203989,0
901883,,112,,
1102540,PASSED,112,17505178,2844781
901888,,112,7504494,0
1099381,PASSED,112,7669815,0
1099380,,112,474107,3310922
1046412,NOT PASSED,112,2068576,8960737
991739,,112,,
1078980,PASSED,112,4289187,9569028
954318,,112,,
934401,PASSED,112,165420,3672401
998505,,112,,
897404,NOT PASSED,112,7591335,0
897405,PASSED,112,7591335,0
897403,PASSED,112,7591335,0
1013025,PASSED,112,22849180,8960737
998729,PASSED,112,271308,227046
954310,,112,67150962,11965288
888377,,112,,
888887,,112,2124870,0
888575,,112,,
990084,,112,,
1013023,PASSED,112,,
943540,,112,1527360,0
942833,,112,3261231,2379888
990064,,112,,
990061,,112,,
1087301,,112,3603151,0
889345,,112,14102564,0
889348,,112,,
944404,,112,,
889183,,112,1996283,0
889188,PASSED,112,0,11711865
980871,,112,3769966,0
990468,,112,248328,0
937471,,112,794605,227084
937476,,112,,
1009100,,112,,
937478,PASSED,112,15759260,0
1024897,PASSED,112,1189819,9562881
1024322,PASSED,112,623497,0
1025232,,112,15539801,10231666
1049683,,112,,
1049687,,112,1751872,1644067
1049685,,112,42462540,85760780
951150,,112,,
1032674,,112,45681561,0
1086891,PASSED,112,20719230,11588764
1071979,,112,,
1013002,,112,16069204,0
1106820,PASSED,112,,
1013000,,112,2429351,36075
1013001,,112,1727983,0
1011886,PASSED,112,94597430,19637288
944248,PASSED,112,0,1698882
1076970,,112,,
889964,,112,,
889965,,112,2268300,0
1071990,NOT PASSED,112,14640778,69122212
889961,,112,4520267,0
900906,PASSED,112,8397602,3615552
892460,,112,,
948989,,112,24132065,1297498
1024435,,112,450200,555250
1024437,,112,,
938872,,112,,
1080496,PASSED,112,8267382,0
938876,,112,3446340,0
948986,,112,8845875,0
984796,,112,31503943,0
1044936,PASSED,112,21144651,1648124
1054854,,112,0,23238325
1054857,,112,,
888963,PASSED,112,0,3973817
1108142,PASSED,112,182329,22260253
887293,,112,256361,0
935344,,112,42555836,0
935345,PASSED,112,34244602,1598297
979190,PASSED,112,28200722,1610197
893402,PASSED,112,,
1087055,,112,1123943,1632139
1020348,,112,1867377,2604440
893407,NOT PASSED,112,0,1768319
1101089,PASSED,112,,
1020343,,112,9223131,34264661
1080010,PASSED,112,5378346,0
1080014,PASSED,112,,
1080016,PASSED,112,11136566,0
888815,,112,,
901879,,112,,
888816,,112,,
901872,,112,,
887727,,112,0,3837494
901874,,112,30142579,0
1088252,,112,206992262,0
899487,,112,8867737,6426565
1016304,,112,,
950776,,112,18477617,0
990056,,112,,
1051130,,112,29526898,1505003
1051131,,112,1692120,10338792
889501,,112,24968910,0
941456,,112,,
1012684,NOT PASSED,112,,
1012680,,112,1966639,0
1031222,,112,38972763,0
